Order No.,Tracking No,Carrier Name,Booked From,Booked Date,Delivered At,Deliver Date,Status Now
1822640,X01556264,DTDC,,,,,
1835425,Z78134261,DTDC,,,,,
1829181,X01556031,DTDC,,,,,
1833211,Z78134459,DTDC,,,,,
1833247,Z78134460,DTDC,,,,,
1833264,Z78134461,DTDC,,,,,
1833316,Z78134464,DTDC,,,,,
1833329,Z78134465,DTDC,,,,,
1834746,Z78134476,DTDC,,,,,
1837328,X01556150,DTDC,,,,,
1840003,Z78163350,DTDC,,,,,
1840585,Z78163355,DTDC,,,,,
1842027,Z78163366,DTDC,,,,,
1843644,Z78163307,DTDC,,,,,
1790073,z78333816,DTDC,,,,,
1831340,Z78163392,DTDC,,,,,
1840564,X01556340,DTDC,,,,,
1843664,D11157179,DTDC,,,,,
1842359,D11115029,DTDC,,,,,
1844212,Z78163383,DTDC,,,,,
1844945,D11115026,DTDC,,,,,
1830693,Z78163576,DTDC,,,,,
1832918,Z78354365,DTDC,,,,,
1841297,Z78163625,DTDC,,,,,
1845326,X01555934,DTDC,,,,,
1845981,Z78163610,DTDC,,,,,
1847300,Z78163611,DTDC,,,,,
1847522,Z78163660,DTDC,,,,,
1848540,Z78163664,DTDC,,,,,
1848809,Z78163665,DTDC,,,,,
1849081,Z78163673,DTDC,,,,,
1849713,Z78163681,DTDC,,,,,
1850996,Z78163697,DTDC,,,,,
1851107,Z78163699,DTDC,,,,,
1851147,Z78163700,DTDC,,,,,
1851382,Z78163703,DTDC,,,,,
1851531,Z78163704,DTDC,,,,,
1851535,Z78163705,DTDC,,,,,
1852125,Z78163711,DTDC,,,,,
1852325,Z78163715,DTDC,,,,,
1852540,Z78163717,DTDC,,,,,
1852613,Z78163719,DTDC,,,,,
1852707,Z78163721,DTDC,,,,,
1853361,Z78163731,DTDC,,,,,
1853506,Z78163732,DTDC,,,,,
1854438,Z78163743,DTDC,,,,,
1854812,Z78163748,DTDC,,,,,
1855376,Z78163757,DTDC,,,,,
1855657,Z78163761,DTDC,,,,,
1855702,Z78163762,DTDC,,,,,
1855912,Z78163764,DTDC,,,,,
1855923,Z78163765,DTDC,,,,,
1856031,Z78163766,DTDC,,,,,
1856072,Z78163768,DTDC,,,,,
1856124,Z78163769,DTDC,,,,,
1856262,Z78163771,DTDC,,,,,
1856433,Z78163772,DTDC,,,,,
1857019,Z78163776,DTDC,,,,,
1857322,Z78163782,DTDC,,,,,
1857747,Z78163786,DTDC,,,,,
1857930,Z78163789,DTDC,,,,,
1858156,Z78163791,DTDC,,,,,
1858240,Z78163792,DTDC,,,,,
1858580,Z78163795,DTDC,,,,,
1858740,Z78163796,DTDC,,,,,
1858804,Z78163799,DTDC,,,,,
1859509,Z78163805,DTDC,,,,,
1859834,Z78163812,DTDC,,,,,
1860023,Z78163813,DTDC,,,,,
1860110,Z78163814,DTDC,,,,,
1860440,Z78163816,DTDC,,,,,
1861363,Z78163823,DTDC,,,,,
1861543,Z78163826,DTDC,,,,,
1861622,Z78163827,DTDC,,,,,
1861780,Z78163831,DTDC,,,,,
1861799,Z78163832,DTDC,,,,,
1862450,Z78163840,DTDC,,,,,
1863247,Z78163850,DTDC,,,,,
1863280,Z78163852,DTDC,,,,,
1863332,Z78163854,DTDC,,,,,
1863395,Z78163857,DTDC,,,,,
1863645,Z78163864,DTDC,,,,,
1863706,Z78163867,DTDC,,,,,
1863714,Z78163868,DTDC,,,,,
1864351,Z78163880,DTDC,,,,,
1864358,Z78163881,DTDC,,,,,
1864405,Z78163882,DTDC,,,,,
1864561,Z78163884,DTDC,,,,,
1864572,Z78163885,DTDC,,,,,
1864661,Z78163892,DTDC,,,,,
1864788,Z78163893,DTDC,,,,,
1864819,Z78163894,DTDC,,,,,
1864943,Z78163898,DTDC,,,,,
1864963,Z78163899,DTDC,,,,,
1864996,Z78163903,DTDC,,,,,
1865013,Z78163913,DTDC,,,,,
1865016,Z78163914,DTDC,,,,,
1865024,Z78163918,DTDC,,,,,
1865033,Z78163926,DTDC,,,,,
1865040,Z78163929,DTDC,,,,,
1865045,Z78163932,DTDC,,,,,
1865050,Z78163934,DTDC,,,,,
1865067,Z78163944,DTDC,,,,,
1865068,Z78163945,DTDC,,,,,
1865077,Z78163949,DTDC,,,,,
1865078,Z78163950,DTDC,,,,,
1865088,Z78163957,DTDC,,,,,
1865100,Z78163964,DTDC,,,,,
1865110,Z78163971,DTDC,,,,,
1865113,Z78163972,DTDC,,,,,
1865115,Z78163973,DTDC,,,,,
1865124,Z78163978,DTDC,,,,,
1865127,Z78163980,DTDC,,,,,
1865150,Z78163995,DTDC,,,,,
1865152,Z78163997,DTDC,,,,,
1865159,Z78164001,DTDC,,,,,
1865160,Z78164002,DTDC,,,,,
1865169,Z78164008,DTDC,,,,,
1865173,Z78164009,DTDC,,,,,
1865187,Z78164016,DTDC,,,,,
1865197,Z78164022,DTDC,,,,,
1865201,Z78164025,DTDC,,,,,
1865203,Z78164026,DTDC,,,,,
1865207,Z78164027,DTDC,,,,,
1865208,Z78164028,DTDC,,,,,
1865237,Z78164046,DTDC,,,,,
1865244,Z78164050,DTDC,,,,,
1865252,Z78164055,DTDC,,,,,
1865272,Z78164070,DTDC,,,,,
1865278,Z78164074,DTDC,,,,,
1865294,Z78164082,DTDC,,,,,
1865295,Z78164083,DTDC,,,,,
1865304,Z78164089,DTDC,,,,,
1865319,Z78164100,DTDC,,,,,
1865344,Z78164114,DTDC,,,,,
1865348,Z78164117,DTDC,,,,,
1865363,Z78164125,DTDC,,,,,
1865366,Z78164127,DTDC,,,,,
1865368,Z78164129,DTDC,,,,,
1865371,Z78164130,DTDC,,,,,
1865386,Z78164140,DTDC,,,,,
1865387,Z78164141,DTDC,,,,,
1866084,Z78163570,DTDC,,,,,
1866149,Z78163619,DTDC,,,,,
1866619,Z78163454,DTDC,,,,,
1866662,Z78163470,DTDC,,,,,
1866700,Z78163490,DTDC,,,,,
1866784,Z78163499,DTDC,,,,,
1866847,Z78163503,DTDC,,,,,
1867093,Z78163507,DTDC,,,,,
1867101,Z78163508,DTDC,,,,,
1867297,Z78163516,DTDC,,,,,
1867390,Z78163521,DTDC,,,,,
1867420,Z78163524,DTDC,,,,,
1867473,Z78163528,DTDC,,,,,
1867525,Z78163531,DTDC,,,,,
1867894,Z78163541,DTDC,,,,,
1867908,Z78163542,DTDC,,,,,
1868233,Z78163549,DTDC,,,,,
1868355,Z78163582,DTDC,,,,,
1868445,Z78163564,DTDC,,,,,
1868630,Z78163618,DTDC,,,,,
1868918,Z78163595,DTDC,,,,,
1833708,M80746180,DTDC,,,,,
1846646,D11115085,DTDC,,,,,
1847804,Z75241809,DTDC,,,,,
1848643,Z75241968,DTDC,,,,,
1848792,Z75241778,DTDC,,,,,
1849863,Z75241957,DTDC,,,,,
1851556,Z75241765,DTDC,,,,,
1852696,Z75241808,DTDC,,,,,
1852976,Z75241715,DTDC,,,,,
1853006,Z75241960,DTDC,,,,,
1853096,Z75241799,DTDC,,,,,
1853172,Z75241705,DTDC,,,,,
1853954,Z75241976,DTDC,,,,,
1855090,Z75241803,DTDC,,,,,
1855236,Z75241783,DTDC,,,,,
1855635,Z75241943,DTDC,,,,,
1857851,Z75241740,DTDC,,,,,
1857951,Z75241704,DTDC,,,,,
1858191,Z75241730,DTDC,,,,,
1858205,Z75241706,DTDC,,,,,
1858283,Z75241978,DTDC,,,,,
1858929,Z75241923,DTDC,,,,,
1861092,Z75241956,DTDC,,,,,
1861151,Z75241962,DTDC,,,,,
1861171,Z75241959,DTDC,,,,,
1861491,Z75241768,DTDC,,,,,
1861713,Z75241718,DTDC,,,,,
1861861,Z75241963,DTDC,,,,,
1862650,Z75241969,DTDC,,,,,
1864195,Z75241967,DTDC,,,,,
1865038,Z75241793,DTDC,,,,,
1865083,Z75241771,DTDC,,,,,
1865659,Z75241791,DTDC,,,,,
1865716,Z75241971,DTDC,,,,,
1866490,X01555954,DTDC,,,,,
1866805,M80719021,DTDC,,,,,
1869186,X01555964,DTDC,,,,,
1870686,Z78163644,DTDC,,,,,
1870796,Z75241772,DTDC,,,,,
1870912,Z78354602,DTDC,,,,,
1839488,Z78163633,DTDC,,,,,
1869088,X01555985,DTDC,,,,,
1870519,Z78164163,DTDC,,,,,
1872103,Z78164170,DTDC,,,,,
1873271,Z78163640,DTDC,,,,,
1830450,M81151018,DTDC,,,,,
1831625,M81151015,DTDC,,,,,
1868509,X01555907,DTDC,,,,,
1871470,X01555906,DTDC,,,,,
1871765,Z77932054,DTDC,,,,,
1872243,X01555901,DTDC,,,,,
1874719,Z77928808,DTDC,,,,,
1875390,X01555990,DTDC,,,,,
1883291,X01594512,DTDC,,,,,
1883307,X01594514,DTDC,,,,,
1870435,Z77928881,DTDC,,,,,
1875159,Z77928891,DTDC,,,,,
1880431,Z77928871,DTDC,,,,,
1880451,Z77928884,DTDC,,,,,
1881467,Z77928888,DTDC,,,,,
1882895,Z77928846,DTDC,,,,,
1883219,Z77928847,DTDC,,,,,
1883505,X01555873,DTDC,,,,,
1883761,Z77928894,DTDC,,,,,
1883767,Z77928864,DTDC,,,,,
1884161,Z77928896,DTDC,,,,,
1884489,Z77928879,DTDC,,,,,
1881136,Z78623656,DTDC,,,,,
1881212,Z78623656,DTDC,,,,,
1881405,Z78623656,DTDC,,,,,
1884009,k59084963,DTDC,,,,,
1884344,H10299304,DTDC,,,,,
1887642,k59084965,DTDC,,,,,
1843406,Z77930039,DTDC,,,,,
1853703,B88193393,DTDC,,,,,
1869610,Z78498265,DTDC,,,,,
1872426,D11297275,DTDC,,,,,
1874219,D11297277,DTDC,,,,,
1883348,Z77928813,DTDC,,,,,
1883365,Z77928814,DTDC,,,,,
1883448,Z77928815,DTDC,,,,,
1883788,Z77928817,DTDC,,,,,
1883800,Z77928818,DTDC,,,,,
1884282,Z77928825,DTDC,,,,,
1884451,Z77928826,DTDC,,,,,
1884525,Z77928829,DTDC,,,,,
1884765,Z77928905,DTDC,,,,,
1885029,D11297271,DTDC,,,,,
1885050,Z77928925,DTDC,,,,,
1885263,X01555844,DTDC,,,,,
1885325,Z77928919,DTDC,,,,,
1885445,Z77928899,DTDC,,,,,
1885729,D11297268,DTDC,,,,,
1885765,Z77928902,DTDC,,,,,
1886092,D11297269,DTDC,,,,,
1886729,Z77928911,DTDC,,,,,
1886875,B88193394,DTDC,,,,,
1886937,Z77928921,DTDC,,,,,
1886997,Z77928923,DTDC,,,,,
1887179,Z77928853,DTDC,,,,,
1888339,D11297276,DTDC,,,,,
1888444,Z77928851,DTDC,,,,,
1888727,Z77928836,DTDC,,,,,
1888751,Z77928850,DTDC,,,,,
1905025,B88193380,DTDC,,,,,
1828472,M78482296,DTDC,,,,,
1834487,M78482300,DTDC,,,,,
1872607,Z77929159,DTDC,,,,,
1873658,A78498316,DTDC,,,,,
1874130,Z77933726,DTDC,,,,,
1874218,Z77933735,DTDC,,,,,
1874634,Z77933738,DTDC,,,,,
1874703,Z77933457,DTDC,,,,,
1875047,Z77933748,DTDC,,,,,
1875164,Z77933353,DTDC,,,,,
1875325,Z77933633,DTDC,,,,,
1875355,Z77933440,DTDC,,,,,
1875620,Z77933363,DTDC,,,,,
1875681,Z77933678,DTDC,,,,,
1875848,Z77933652,DTDC,,,,,
1875859,Z77933661,DTDC,,,,,
1875940,Z77933641,DTDC,,,,,
1876186,Z77933354,DTDC,,,,,
1876277,Z77933366,DTDC,,,,,
1876324,Z77933682,DTDC,,,,,
1876523,Z77933701,DTDC,,,,,
1876604,Z77933762,DTDC,,,,,
1877022,Z77933750,DTDC,,,,,
1877042,Z77933673,DTDC,,,,,
1877348,Z77933409,DTDC,,,,,
1877399,Z77933358,DTDC,,,,,
1877480,Z77933708,DTDC,,,,,
1877559,Z77933323,DTDC,,,,,
1877591,Z77933741,DTDC,,,,,
1877673,Z77933423,DTDC,,,,,
1877798,Z77933759,DTDC,,,,,
1878156,Z77933,DTDC,,,,,
1878486,Z77933688,DTDC,,,,,
1878604,Z77933436,DTDC,,,,,
1878875,Z77933612,DTDC,,,,,
1878946,Z77933442,DTDC,,,,,
1879165,Z77933373,DTDC,,,,,
1879314,Z77933607,DTDC,,,,,
1879350,Z77933659,DTDC,,,,,
1879385,Z77933337,DTDC,,,,,
1879525,Z77933592,DTDC,,,,,
1879556,Z77933605,DTDC,,,,,
1879617,Z77933336,DTDC,,,,,
1879670,Z77933383,DTDC,,,,,
1879753,Z77933620,DTDC,,,,,
1880002,Z77933420,DTDC,,,,,
1880101,Z77933611,DTDC,,,,,
1880168,Z77933356,DTDC,,,,,
1880210,Z77933414,DTDC,,,,,
1880297,Z77933714,DTDC,,,,,
1880341,Z77933371,DTDC,,,,,
1880448,Z77933600,DTDC,,,,,
1880643,Z77933361,DTDC,,,,,
1880670,Z77933346,DTDC,,,,,
1880807,Z77933729,DTDC,,,,,
1881058,Z77933647,DTDC,,,,,
1881182,Z77933705,DTDC,,,,,
1881218,Z77933449,DTDC,,,,,
1882081,Z77933422,DTDC,,,,,
1882244,Z75241827,DTDC,,,,,
1883204,M81151013,DTDC,,,,,
1885026,Z77929118,DTDC,,,,,
1885143,Z77929174,DTDC,,,,,
1886183,Z77929123,DTDC,,,,,
1886416,Z77929151,DTDC,,,,,
1887140,Z77929171,DTDC,,,,,
1887391,Z77929205,DTDC,,,,,
1887445,Z77929129,DTDC,,,,,
1887515,Z77929207,DTDC,,,,,
1887585,Z77929142,DTDC,,,,,
1887587,Z77929208,DTDC,,,,,
1887600,Z77929184,DTDC,,,,,
1887705,Z77929185,DTDC,,,,,
1887721,Z77929209,DTDC,,,,,
1887736,Z77929187,DTDC,,,,,
1888255,Z77929131,DTDC,,,,,
1888696,Z77929215,DTDC,,,,,
1888714,Z77929155,DTDC,,,,,
1888823,Z77929218,DTDC,,,,,
1888908,Z77929191,DTDC,,,,,
1889015,Z77929133,DTDC,,,,,
1889108,Z77929134,DTDC,,,,,
1889276,Z77929111,DTDC,,,,,
1889304,Z77929163,DTDC,,,,,
1889335,Z77929164,DTDC,,,,,
1889424,Z77929160,DTDC,,,,,
1889486,Z77929194,DTDC,,,,,
1889537,Z77929195,DTDC,,,,,
1889578,Z77929136,DTDC,,,,,
1889587,Z77929165,DTDC,,,,,
1889591,Z77929214,DTDC,,,,,
1889601,Z77929137,DTDC,,,,,
1889723,M81151011,DTDC,,,,,
1889756,Z77929110,DTDC,,,,,
1889880,Z77929196,DTDC,,,,,
1889898,Z77929197,DTDC,,,,,
1889901,Z77929162,DTDC,,,,,
1889952,Z77929143,DTDC,,,,,
1890078,Z77929166,DTDC,,,,,
1890086,Z77929198,DTDC,,,,,
1890098,Z77929138,DTDC,,,,,
1890112,Z77929199,DTDC,,,,,
1890151,Z77929140,DTDC,,,,,
1890179,Z77928943,DTDC,,,,,
1890180,Z77928944,DTDC,,,,,
1890186,Z77928946,DTDC,,,,,
1890189,Z77928947,DTDC,,,,,
1890191,Z77928948,DTDC,,,,,
1890195,Z77928950,DTDC,,,,,
1890200,Z77928953,DTDC,,,,,
1890208,Z77928955,DTDC,,,,,
1890209,Z77928956,DTDC,,,,,
1890212,Z77928958,DTDC,,,,,
1890213,Z77928959,DTDC,,,,,
1890218,Z77928960,DTDC,,,,,
1890219,Z77928961,DTDC,,,,,
1890220,Z77928962,DTDC,,,,,
1890221,Z77928963,DTDC,,,,,
1890226,Z77928966,DTDC,,,,,
1890229,Z77928967,DTDC,,,,,
1890232,Z77928968,DTDC,,,,,
1890233,Z77928969,DTDC,,,,,
1890237,Z77928971,DTDC,,,,,
1890241,Z77928972,DTDC,,,,,
1890242,Z77928973,DTDC,,,,,
1890262,Z77928994,DTDC,,,,,
1890285,Z77928981,DTDC,,,,,
1890332,Z77928995,DTDC,,,,,
1890362,Z77928974,DTDC,,,,,
1890418,Z77928997,DTDC,,,,,
1890433,Z77928998,DTDC,,,,,
1890459,Z77928999,DTDC,,,,,
1890463,Z77928975,DTDC,,,,,
1890464,Z77929000,DTDC,,,,,
1890499,Z77929001,DTDC,,,,,
1890525,Z77928976,DTDC,,,,,
1890541,Z77929002,DTDC,,,,,
1890564,Z77929003,DTDC,,,,,
1890580,Z77929004,DTDC,,,,,
1890609,Z77929005,DTDC,,,,,
1890614,Z77929006,DTDC,,,,,
1890627,Z77929007,DTDC,,,,,
1890655,Z77928982,DTDC,,,,,
1890657,Z77928977,DTDC,,,,,
1890666,Z77929008,DTDC,,,,,
1890707,Z77929009,DTDC,,,,,
1890736,Z77929010,DTDC,,,,,
1890749,Z77928978,DTDC,,,,,
1890759,Z77929011,DTDC,,,,,
1890801,Z77928979,DTDC,,,,,
1890821,Z77929012,DTDC,,,,,
1890881,Z77929013,DTDC,,,,,
1890882,Z77929014,DTDC,,,,,
1890895,Z77929015,DTDC,,,,,
1890915,Z77929016,DTDC,,,,,
1890925,Z77929017,DTDC,,,,,
1890926,Z77928980,DTDC,,,,,
1890971,Z77929018,DTDC,,,,,
1890973,Z77929019,DTDC,,,,,
1890979,Z77929020,DTDC,,,,,
1890990,Z77928989,DTDC,,,,,
1891041,Z77929021,DTDC,,,,,
1891114,Z77929022,DTDC,,,,,
1891142,Z77929023,DTDC,,,,,
1891156,Z77929024,DTDC,,,,,
1891161,Z77929025,DTDC,,,,,
1891183,Z77928983,DTDC,,,,,
1891220,Z77929026,DTDC,,,,,
1891227,Z77929027,DTDC,,,,,
1891232,Z77929028,DTDC,,,,,
1891253,Z77929029,DTDC,,,,,
1891284,Z77929030,DTDC,,,,,
1891307,Z77929031,DTDC,,,,,
1891317,Z77929032,DTDC,,,,,
1891356,Z77929033,DTDC,,,,,
1891380,Z77929034,DTDC,,,,,
1891402,Z77929035,DTDC,,,,,
1891411,Z77929036,DTDC,,,,,
1891423,Z77929037,DTDC,,,,,
1891428,Z77929038,DTDC,,,,,
1891431,Z77929039,DTDC,,,,,
1891438,Z77929210,DTDC,,,,,
1891486,Z77929040,DTDC,,,,,
1891538,Z77929041,DTDC,,,,,
1891545,Z77929042,DTDC,,,,,
1891596,Z77929043,DTDC,,,,,
1891602,Z77929044,DTDC,,,,,
1891613,Z77929045,DTDC,,,,,
1891645,Z77929046,DTDC,,,,,
1891651,Z77929047,DTDC,,,,,
1891655,Z77929048,DTDC,,,,,
1891659,Z77929049,DTDC,,,,,
1891663,Z77929050,DTDC,,,,,
1891668,Z77929051,DTDC,,,,,
1891715,Z77929052,DTDC,,,,,
1891723,Z77929053,DTDC,,,,,
1891750,Z77929054,DTDC,,,,,
1891766,Z77929055,DTDC,,,,,
1891769,Z77929056,DTDC,,,,,
1891771,Z77929057,DTDC,,,,,
1891837,Z77929058,DTDC,,,,,
1891876,Z77929059,DTDC,,,,,
1891958,Z77929060,DTDC,,,,,
1891979,Z77929061,DTDC,,,,,
1891982,Z77929062,DTDC,,,,,
1891983,Z77929063,DTDC,,,,,
1892035,Z77929064,DTDC,,,,,
1892077,Z77929065,DTDC,,,,,
1892121,Z77929066,DTDC,,,,,
1892144,Z77929067,DTDC,,,,,
1892173,Z77929068,DTDC,,,,,
1892218,Z77929069,DTDC,,,,,
1892229,Z77929070,DTDC,,,,,
1892262,Z77929071,DTDC,,,,,
1892274,Z77929072,DTDC,,,,,
1892284,Z77929073,DTDC,,,,,
1892296,Z77929074,DTDC,,,,,
1892311,Z77929075,DTDC,,,,,
1892314,Z77929076,DTDC,,,,,
1892355,Z77929077,DTDC,,,,,
1892360,Z77929078,DTDC,,,,,
1892404,Z77929211,DTDC,,,,,
1892424,Z77929079,DTDC,,,,,
1892435,Z77929080,DTDC,,,,,
1892458,Z77929081,DTDC,,,,,
1892489,Z77929082,DTDC,,,,,
1892502,Z77928984,DTDC,,,,,
1892536,Z77929083,DTDC,,,,,
1892578,Z77929084,DTDC,,,,,
1892593,Z77929085,DTDC,,,,,
1892637,Z77929086,DTDC,,,,,
1892638,Z77929087,DTDC,,,,,
1892677,Z77929167,DTDC,,,,,
1892681,Z77929088,DTDC,,,,,
1892720,Z77929089,DTDC,,,,,
1892727,Z77929090,DTDC,,,,,
1892754,Z77929091,DTDC,,,,,
1892771,Z77929092,DTDC,,,,,
1892786,Z77929093,DTDC,,,,,
1892796,Z77929094,DTDC,,,,,
1892825,Z77929095,DTDC,,,,,
1892828,Z77929096,DTDC,,,,,
1892847,Z77929097,DTDC,,,,,
1892853,Z77929098,DTDC,,,,,
1892860,Z77929099,DTDC,,,,,
1892880,Z77929100,DTDC,,,,,
1892898,Z77929101,DTDC,,,,,
1892908,Z77929102,DTDC,,,,,
1892934,Z77929103,DTDC,,,,,
1892935,Z77929104,DTDC,,,,,
1892941,Z77929105,DTDC,,,,,
1892977,Z77929106,DTDC,,,,,
1892980,b88479988,DTDC,,,,,
1893009,Z77929107,DTDC,,,,,
1893041,Z77929108,DTDC,,,,,
1893068,Z77928985,DTDC,,,,,
1893077,Z77929109,DTDC,,,,,
1893260,Z77929141,DTDC,,,,,
1893327,Z77929158,DTDC,,,,,
1893393,Z77929216,DTDC,,,,,
1894119,Z77929201,DTDC,,,,,
1894147,Z77929202,DTDC,,,,,
1894460,Z77929168,DTDC,,,,,
1894499,X01555851,DTDC,,,,,
1894556,A24664777,DTDC,,,,,
1894608,Z77929169,DTDC,,,,,
1894687,Z77929172,DTDC,,,,,
1894725,Z77928992,DTDC,,,,,
1894762,Z77928993,DTDC,,,,,
1894882,Z77928986,DTDC,,,,,
1894918,Z77928987,DTDC,,,,,
1895201,Z77929212,DTDC,,,,,
1895208,Z77929170,DTDC,,,,,
1895407,Z77929222,DTDC,,,,,
1895414,Z77929203,DTDC,,,,,
1895420,Z75241828,DTDC,,,,,
1895484,X01555852,DTDC,,,,,
1895546,Z77928988,DTDC,,,,,
1895693,Z75241826,DTDC,,,,,
1895694,Z77929219,DTDC,,,,,
1895747,Z77929204,DTDC,,,,,
1895766,Z78354163,DTDC,,,,,
1898978,Z78251709,DTDC,,,,,
1912458,A24568742,DTDC,,,,,
1915945,A24568744,DTDC,,,,,
1916023,A24568745,DTDC,,,,,
1918839,A24568743,DTDC,,,,,
1823226,d11163113,DTDC,,,,,
1868989,Z77931892,DTDC,,,,,
1878689,B88532647,DTDC,,,,,
1883463,Z77929374,DTDC,,,,,
1883489,Z77929375,DTDC,,,,,
1884064,Z77929379,DTDC,,,,,
1884603,Z77929384,DTDC,,,,,
1884690,Z77929385,DTDC,,,,,
1884776,Z77929387,DTDC,,,,,
1885002,Z77929393,DTDC,,,,,
1885027,Z77929395,DTDC,,,,,
1885082,Z77929235,DTDC,,,,,
1885337,D11115078,DTDC,,,,,
1885364,Z77929237,DTDC,,,,,
1885565,Z77929240,DTDC,,,,,
1885642,Z77929397,DTDC,,,,,
1885721,Z77929398,DTDC,,,,,
1885723,Z77929242,DTDC,,,,,
1886448,Z77929283,DTDC,,,,,
1886574,Z77929404,DTDC,,,,,
1886774,Z77929406,DTDC,,,,,
1886843,Z77929408,DTDC,,,,,
1886946,Z77929409,DTDC,,,,,
1887022,Z77929411,DTDC,,,,,
1887078,Z77929466,DTDC,,,,,
1887161,Z77929247,DTDC,,,,,
1887308,Z77929248,DTDC,,,,,
1887319,Z77929156,DTDC,,,,,
1887363,Z77929249,DTDC,,,,,
1887417,Z77929453,DTDC,,,,,
1887501,Z77929413,DTDC,,,,,
1887507,Z77929414,DTDC,,,,,
1887510,Z77929250,DTDC,,,,,
1887567,Z77929251,DTDC,,,,,
1887569,Z77929252,DTDC,,,,,
1887586,Z77929364,DTDC,,,,,
1887588,Z77929415,DTDC,,,,,
1887605,Z77929253,DTDC,,,,,
1887653,Z77929288,DTDC,,,,,
1887679,Z77929254,DTDC,,,,,
1887689,Z77929255,DTDC,,,,,
1887901,Z77929289,DTDC,,,,,
1887952,Z77929257,DTDC,,,,,
1888046,Z77929290,DTDC,,,,,
1888147,Z77929258,DTDC,,,,,
1888181,Z77929291,DTDC,,,,,
1888189,Z77929416,DTDC,,,,,
1888252,Z77929259,DTDC,,,,,
1888281,Z77929260,DTDC,,,,,
1888320,Z77929351,DTDC,,,,,
1888406,Z77929261,DTDC,,,,,
1888413,Z77929262,DTDC,,,,,
1888462,Z77929417,DTDC,,,,,
1888525,Z77929292,DTDC,,,,,
1888565,Z77929263,DTDC,,,,,
1888603,Z77929439,DTDC,,,,,
1888649,Z77929264,DTDC,,,,,
1888765,Z77929265,DTDC,,,,,
1888826,Z77929352,DTDC,,,,,
1888856,Z77929266,DTDC,,,,,
1888975,Z77929293,DTDC,,,,,
1888976,Z77929418,DTDC,,,,,
1888999,Z77929267,DTDC,,,,,
1889005,Z77929419,DTDC,,,,,
1889059,Z77929420,DTDC,,,,,
1889065,Z77929268,DTDC,,,,,
1889091,Z77929421,DTDC,,,,,
1889175,Z77929353,DTDC,,,,,
1889180,D11115079,DTDC,,,,,
1889342,Z77929269,DTDC,,,,,
1889349,Z77929422,DTDC,,,,,
1889546,Z77929270,DTDC,,,,,
1889570,Z77929271,DTDC,,,,,
1889632,Z77929365,DTDC,,,,,
1889662,Z77929272,DTDC,,,,,
1889674,Z77929273,DTDC,,,,,
1889736,Z77929274,DTDC,,,,,
1889745,B88532642,DTDC,,,,,
1889765,Z77929294,DTDC,,,,,
1889947,Z77929275,DTDC,,,,,
1890016,Z77929295,DTDC,,,,,
1890026,Z77929276,DTDC,,,,,
1890047,Z77929354,DTDC,,,,,
1890105,Z77929441,DTDC,,,,,
1890139,Z77929423,DTDC,,,,,
1890187,Z77929277,DTDC,,,,,
1890243,Z77929227,DTDC,,,,,
1890245,Z77929228,DTDC,,,,,
1890246,Z77929229,DTDC,,,,,
1890248,Z77929230,DTDC,,,,,
1890251,Z77929231,DTDC,,,,,
1890253,Z77929232,DTDC,,,,,
1890254,Z77929233,DTDC,,,,,
1890260,Z77929234,DTDC,,,,,
1890306,Z77929226,DTDC,,,,,
1891424,Z77929359,DTDC,,,,,
1892072,Z77929278,DTDC,,,,,
1892753,Z77929452,DTDC,,,,,
1892843,Z77929355,DTDC,,,,,
1893017,Z77929296,DTDC,,,,,
1893170,Z77929424,DTDC,,,,,
1893247,Z77929425,DTDC,,,,,
1893322,Z77929279,DTDC,,,,,
1893810,Z77929280,DTDC,,,,,
1894142,Z77929426,DTDC,,,,,
1894149,Z77929358,DTDC,,,,,
1894240,Z77929427,DTDC,,,,,
1894278,Z77929428,DTDC,,,,,
1894562,Z77929429,DTDC,,,,,
1894632,Z77929430,DTDC,,,,,
1894646,Z77929356,DTDC,,,,,
1894736,Z77929431,DTDC,,,,,
1894860,Z77929449,DTDC,,,,,
1894921,Z77929432,DTDC,,,,,
1894924,Z77929433,DTDC,,,,,
1895183,Z77929366,DTDC,,,,,
1895440,Z77929434,DTDC,,,,,
1895480,Z77929435,DTDC,,,,,
1895796,Z77929454,DTDC,,,,,
1895811,Z77929442,DTDC,,,,,
1895858,Z77929440,DTDC,,,,,
1895893,Z77929443,DTDC,,,,,
1895908,Z77929467,DTDC,,,,,
1895961,Z77929444,DTDC,,,,,
1896256,Z77929297,DTDC,,,,,
1896298,Z77929298,DTDC,,,,,
1897199,Z77929299,DTDC,,,,,
1897580,Z77929300,DTDC,,,,,
1897652,Z77929455,DTDC,,,,,
1898835,Z77929301,DTDC,,,,,
1898908,Z77929450,DTDC,,,,,
1899803,Z77929302,DTDC,,,,,
1900403,Z77929303,DTDC,,,,,
1900635,Z77929304,DTDC,,,,,
1901356,D11115080,DTDC,,,,,
1902145,Z77929305,DTDC,,,,,
1902757,Z77929456,DTDC,,,,,
1903280,Z77929306,DTDC,,,,,
1903453,Z77929307,DTDC,,,,,
1903468,Z77929308,DTDC,,,,,
1904102,Z77929357,DTDC,,,,,
1904217,Z77929447,DTDC,,,,,
1904762,Z77929309,DTDC,,,,,
1905057,Z77929310,DTDC,,,,,
1905389,Z77929311,DTDC,,,,,
1905397,Z77929312,DTDC,,,,,
1905792,Z77929313,DTDC,,,,,
1906130,Z77929314,DTDC,,,,,
1906194,Z77929436,DTDC,,,,,
1906242,Z77929315,DTDC,,,,,
1906410,Z77929316,DTDC,,,,,
1906580,Z77929457,DTDC,,,,,
1907152,Z77929317,DTDC,,,,,
1907158,Z77929318,DTDC,,,,,
1907324,Z77929462,DTDC,,,,,
1907424,Z77929319,DTDC,,,,,
1907795,Z77929458,DTDC,,,,,
1907806,Z77929468,DTDC,,,,,
1907946,Z77929321,DTDC,,,,,
1908010,Z77929322,DTDC,,,,,
1908103,Z77929323,DTDC,,,,,
1908299,Z77929324,DTDC,,,,,
1908766,Z77929445,DTDC,,,,,
1909906,Z77929446,DTDC,,,,,
1909983,Z77929325,DTDC,,,,,
1910132,Z77929326,DTDC,,,,,
1910487,Z77929327,DTDC,,,,,
1910542,Z77929328,DTDC,,,,,
1910767,Z77929329,DTDC,,,,,
1911624,Z77929469,DTDC,,,,,
1911950,Z77929330,DTDC,,,,,
1912055,Z77929331,DTDC,,,,,
1912113,Z77929332,DTDC,,,,,
1912165,Z77929361,DTDC,,,,,
1913439,Z77929333,DTDC,,,,,
1913787,Z77929463,DTDC,,,,,
1913831,Z77929334,DTDC,,,,,
1913883,B88532632,DTDC,,,,,
1915145,Z77929346,DTDC,,,,,
1915166,Z77929335,DTDC,,,,,
1915451,Z77929336,DTDC,,,,,
1915487,Z77929337,DTDC,,,,,
1915643,Z77929347,DTDC,,,,,
1915793,Z77929338,DTDC,,,,,
1916169,Z77929360,DTDC,,,,,
1916170,Z77929438,DTDC,,,,,
1916195,Z77929339,DTDC,,,,,
1916210,Z77929340,DTDC,,,,,
1916384,Z77929348,DTDC,,,,,
1916487,Z77929349,DTDC,,,,,
1916904,Z77929341,DTDC,,,,,
1917069,Z77929451,DTDC,,,,,
1917396,Z77929342,DTDC,,,,,
1917446,Z77929459,DTDC,,,,,
1917549,Z77929362,DTDC,,,,,
1917862,Z77929437,DTDC,,,,,
1918141,Z77929343,DTDC,,,,,
1918432,Z77929464,DTDC,,,,,
1918560,Z77929460,DTDC,,,,,
1918863,Z77929344,DTDC,,,,,
1918868,Z77929350,DTDC,,,,,
1918950,B88532641,DTDC,,,,,
1920157,B88532637,DTDC,,,,,
1920364,B88532629,DTDC,,,,,
1920628,P21201580,DTDC,,,,,
1931108,A24568752,DTDC,,,,,
1873624,Z77929113,DTDC,,,,,
1877477,Z77929711,DTDC,,,,,
1877644,z78766838,DTDC,,,,,
1881456,Z77929713,DTDC,,,,,
1882261,Z77929714,DTDC,,,,,
1885983,Z77929722,DTDC,,,,,
1886033,Z77929787,DTDC,,,,,
1887595,Z77929715,DTDC,,,,,
1887892,K59084966,DTDC,,,,,
1888970,K59084967,DTDC,,,,,
1889131,Z77929790,DTDC,,,,,
1889338,Z77929154,DTDC,,,,,
1889440,A24824467,DTDC,,,,,
1889503,Z77929791,DTDC,,,,,
1889569,A24824468,DTDC,,,,,
1889603,Z77929789,DTDC,,,,,
1889641,K59084968,DTDC,,,,,
1889755,Z77929792,DTDC,,,,,
1890043,Z77929793,DTDC,,,,,
1890058,A24824471,DTDC,,,,,
1890137,Z77929794,DTDC,,,,,
1891417,Z77929775,DTDC,,,,,
1891470,Z77929803,DTDC,,,,,
1891989,Z77929804,DTDC,,,,,
1892018,Z77929805,DTDC,,,,,
1892548,Z77928990,DTDC,,,,,
1892766,Z77929806,DTDC,,,,,
1892871,Z77929807,DTDC,,,,,
1892901,Z78739479,DTDC,,,,,
1893210,Z77929795,DTDC,,,,,
1893337,Z77929808,DTDC,,,,,
1893341,Z77929809,DTDC,,,,,
1893864,Z77929716,DTDC,,,,,
1894261,Z77928991,DTDC,,,,,
1894464,A24824466,DTDC,,,,,
1894760,Z77929796,DTDC,,,,,
1895450,K59084969,DTDC,,,,,
1896009,Z77929470,DTDC,,,,,
1896126,Z77932027,DTDC,,,,,
1896151,Z77931942,DTDC,,,,,
1896484,Z77929471,DTDC,,,,,
1896568,Z77929472,DTDC,,,,,
1896624,Z77929473,DTDC,,,,,
1896669,Z77929474,DTDC,,,,,
1896675,Z77932004,DTDC,,,,,
1896702,Z77931913,DTDC,,,,,
1896731,Z77929475,DTDC,,,,,
1896794,Z77932032,DTDC,,,,,
1896877,Z77929476,DTDC,,,,,
1896890,Z77929477,DTDC,,,,,
1897170,Z77929478,DTDC,,,,,
1897219,Z77931934,DTDC,,,,,
1897232,Z77929479,DTDC,,,,,
1897337,Z77931908,DTDC,,,,,
1897338,Z77931951,DTDC,,,,,
1897345,Z77929480,DTDC,,,,,
1897382,Z77932011,DTDC,,,,,
1897417,Z77931991,DTDC,,,,,
1897460,Z77931900,DTDC,,,,,
1897591,Z77932034,DTDC,,,,,
1897650,Z77929481,DTDC,,,,,
1897662,Z77929788,DTDC,,,,,
1897765,Z77929482,DTDC,,,,,
1897873,Z77929483,DTDC,,,,,
1897876,Z77932012,DTDC,,,,,
1897905,Z77931961,DTDC,,,,,
1897945,Z77931992,DTDC,,,,,
1897949,Z77929484,DTDC,,,,,
1897996,Z77929485,DTDC,,,,,
1898074,Z77929486,DTDC,,,,,
1898448,Z77929487,DTDC,,,,,
1898583,Z77929488,DTDC,,,,,
1898586,Z77932022,DTDC,,,,,
1898698,Z77929489,DTDC,,,,,
1898730,Z77929490,DTDC,,,,,
1898736,Z77932037,DTDC,,,,,
1898775,Z77932033,DTDC,,,,,
1898916,Z77932007,DTDC,,,,,
1898944,Z77931973,DTDC,,,,,
1898975,Z77929491,DTDC,,,,,
1898992,Z77929492,DTDC,,,,,
1899027,Z77932016,DTDC,,,,,
1899077,Z77929493,DTDC,,,,,
1899148,Z77931987,DTDC,,,,,
1899186,Z77931952,DTDC,,,,,
1899199,Z77932015,DTDC,,,,,
1899213,Z77931971,DTDC,,,,,
1899263,Z77932050,DTDC,,,,,
1899316,Z77931932,DTDC,,,,,
1899319,Z77929494,DTDC,,,,,
1899389,Z77931904,DTDC,,,,,
1899415,Z77931911,DTDC,,,,,
1899416,Z77929495,DTDC,,,,,
1899419,Z77931899,DTDC,,,,,
1899497,Z77929496,DTDC,,,,,
1899500,Z77931902,DTDC,,,,,
1899546,Z77929497,DTDC,,,,,
1899563,Z77929498,DTDC,,,,,
1899635,Z77929499,DTDC,,,,,
1899636,Z77929500,DTDC,,,,,
1899652,Z77929501,DTDC,,,,,
1899676,1899676,DTDC,,,,,
1899686,Z77931909,DTDC,,,,,
1899872,Z77931990,DTDC,,,,,
1899921,Z77931931,DTDC,,,,,
1899931,Z77931954,DTDC,,,,,
1899944,Z77931894,DTDC,,,,,
1899969,Z77929502,DTDC,,,,,
1900048,Z77932018,DTDC,,,,,
1900054,Z77931918,DTDC,,,,,
1900137,Z77929503,DTDC,,,,,
1900254,Z77929504,DTDC,,,,,
1900289,Z77929505,DTDC,,,,,
1900362,Z77931968,DTDC,,,,,
1900373,Z77929506,DTDC,,,,,
1900444,Z77929507,DTDC,,,,,
1900471,Z77929508,DTDC,,,,,
1900473,Z77932025,DTDC,,,,,
1900525,Z77931999,DTDC,,,,,
1900535,Z77929509,DTDC,,,,,
1900592,Z77929510,DTDC,,,,,
1900651,Z77929511,DTDC,,,,,
1900713,Z77929512,DTDC,,,,,
1900773,Z77929513,DTDC,,,,,
1900782,Z77931965,DTDC,,,,,
1900806,Z77932002,DTDC,,,,,
1900824,Z77929514,DTDC,,,,,
1900873,Z77931921,DTDC,,,,,
1900969,1900969,DTDC,,,,,
1900985,Z77932048,DTDC,,,,,
1900994,Z77929515,DTDC,,,,,
1901014,Z77931936,DTDC,,,,,
1901048,Z77929516,DTDC,,,,,
1901083,Z77929517,DTDC,,,,,
1901134,Z77929518,DTDC,,,,,
1901145,Z77931930,DTDC,,,,,
1901151,Z77929519,DTDC,,,,,
1901171,Z77929520,DTDC,,,,,
1901306,Z77929521,DTDC,,,,,
1901309,Z77929522,DTDC,,,,,
1901393,Z77929523,DTDC,,,,,
1901401,Z77931978,DTDC,,,,,
1901411,1901411,DTDC,,,,,
1901549,Z77931988,DTDC,,,,,
1901604,Z77931972,DTDC,,,,,
1901661,Z77932000,DTDC,,,,,
1901805,Z77931901,DTDC,,,,,
1901832,Z77929524,DTDC,,,,,
1901950,Z77929525,DTDC,,,,,
1901963,Z77929526,DTDC,,,,,
1902044,Z77931927,DTDC,,,,,
1902048,Z77932001,DTDC,,,,,
1902155,Z77931903,DTDC,,,,,
1902160,Z77931986,DTDC,,,,,
1902198,Z77931912,DTDC,,,,,
1902343,Z77931922,DTDC,,,,,
1902418,Z77929527,DTDC,,,,,
1902470,Z77932043,DTDC,,,,,
1902480,Z77929528,DTDC,,,,,
1902524,Z77929529,DTDC,,,,,
1902583,Z77931953,DTDC,,,,,
1902587,Z77929530,DTDC,,,,,
1902635,Z77929531,DTDC,,,,,
1902784,Z77929532,DTDC,,,,,
1902834,Z77929533,DTDC,,,,,
1902879,Z77929534,DTDC,,,,,
1903181,Z77932042,DTDC,,,,,
1903250,Z77929535,DTDC,,,,,
1903287,Z77931955,DTDC,,,,,
1903390,Z77929536,DTDC,,,,,
1903511,Z77929537,DTDC,,,,,
1903550,Z77929538,DTDC,,,,,
1903815,Z77929539,DTDC,,,,,
1903823,Z77931914,DTDC,,,,,
1903869,Z77932040,DTDC,,,,,
1903903,Z77929540,DTDC,,,,,
1903922,Z77929541,DTDC,,,,,
1904335,Z77932029,DTDC,,,,,
1904364,Z77931910,DTDC,,,,,
1904366,Z77931964,DTDC,,,,,
1904538,Z77931935,DTDC,,,,,
1904744,Z77931967,DTDC,,,,,
1904818,Z77932013,DTDC,,,,,
1904857,Z77929542,DTDC,,,,,
1904929,Z77929543,DTDC,,,,,
1905410,Z77929544,DTDC,,,,,
1905470,Z77929545,DTDC,,,,,
1905493,Z77929546,DTDC,,,,,
1905506,Z77929547,DTDC,,,,,
1905567,Z77932017,DTDC,,,,,
1905756,Z77932031,DTDC,,,,,
1905775,Z77931985,DTDC,,,,,
1905820,Z77929548,DTDC,,,,,
1906114,Z77932036,DTDC,,,,,
1906430,Z77929549,DTDC,,,,,
1906456,Z77931937,DTDC,,,,,
1906486,I00488100,DTDC,,,,,
1906495,Z77929550,DTDC,,,,,
1906502,Z77931983,DTDC,,,,,
1906560,Z77929551,DTDC,,,,,
1906571,Z77931940,DTDC,,,,,
1906634,Z77929552,DTDC,,,,,
1906749,Z77929553,DTDC,,,,,
1906793,Z77929554,DTDC,,,,,
1906918,Z77932008,DTDC,,,,,
1907170,Z77929555,DTDC,,,,,
1907402,Z77931956,DTDC,,,,,
1907447,Z77929556,DTDC,,,,,
1907520,Z77932039,DTDC,,,,,
1907584,Z77929557,DTDC,,,,,
1907595,Z77932010,DTDC,,,,,
1907700,Z77929558,DTDC,,,,,
1908013,Z77929559,DTDC,,,,,
1908143,Z77929560,DTDC,,,,,
1908198,Z77929725,DTDC,,,,,
1908458,Z77929561,DTDC,,,,,
1908513,Z77932046,DTDC,,,,,
1908572,Z77929562,DTDC,,,,,
1908650,Z77929563,DTDC,,,,,
1908735,Z77931993,DTDC,,,,,
1908861,Z77929564,DTDC,,,,,
1908876,Z77931982,DTDC,,,,,
1909025,Z77932038,DTDC,,,,,
1909053,Z77931923,DTDC,,,,,
1909072,Z77931925,DTDC,,,,,
1909173,Z77936045,DTDC,,,,,
1909295,Z77929565,DTDC,,,,,
1909413,Z77929566,DTDC,,,,,
1909430,Z77932051,DTDC,,,,,
1909440,Z77929567,DTDC,,,,,
1909586,Z77931905,DTDC,,,,,
1909616,Z77929568,DTDC,,,,,
1909632,Z77929569,DTDC,,,,,
1909633,Z77929570,DTDC,,,,,
1909634,Z77929571,DTDC,,,,,
1909864,Z77931979,DTDC,,,,,
1909961,Z77932030,DTDC,,,,,
1909988,Z77929572,DTDC,,,,,
1910034,Z77929573,DTDC,,,,,
1910046,Z77931896,DTDC,,,,,
1910050,Z77931963,DTDC,,,,,
1910113,Z77931984,DTDC,,,,,
1910133,Z77931938,DTDC,,,,,
1910139,Z77929574,DTDC,,,,,
1910161,Z77931945,DTDC,,,,,
1910175,Z77929786,DTDC,,,,,
1910243,Z77929726,DTDC,,,,,
1910245,Z77929575,DTDC,,,,,
1910286,Z77929576,DTDC,,,,,
1910308,Z77929577,DTDC,,,,,
1910313,Z77929578,DTDC,,,,,
1910316,Z77931898,DTDC,,,,,
1910423,Z77929579,DTDC,,,,,
1910446,Z77929580,DTDC,,,,,
1910497,Z77929581,DTDC,,,,,
1910554,Z77931919,DTDC,,,,,
1910583,Z77929582,DTDC,,,,,
1910610,X01238496,DTDC,,,,,
1910644,Z77929583,DTDC,,,,,
1910719,Z77929584,DTDC,,,,,
1910845,Z77931933,DTDC,,,,,
1910862,Z77932052,DTDC,,,,,
1910915,Z77931947,DTDC,,,,,
1911073,Z77929585,DTDC,,,,,
1911088,Z77929586,DTDC,,,,,
1911143,Z77932045,DTDC,,,,,
1911148,Z77931966,DTDC,,,,,
1911282,Z77929587,DTDC,,,,,
1911289,Z77929588,DTDC,,,,,
1911314,Z77929589,DTDC,,,,,
1911315,Z77929590,DTDC,,,,,
1911346,Z77931959,DTDC,,,,,
1911443,Z77931907,DTDC,,,,,
1911521,Z77929591,DTDC,,,,,
1911576,Z77931895,DTDC,,,,,
1911759,Z77929592,DTDC,,,,,
1911790,Z77931969,DTDC,,,,,
1911799,Z77929593,DTDC,,,,,
1911811,Z77929594,DTDC,,,,,
1911853,Z77929595,DTDC,,,,,
1911867,Z77929596,DTDC,,,,,
1911969,Z77929597,DTDC,,,,,
1911975,Z77929598,DTDC,,,,,
1912024,Z77929599,DTDC,,,,,
1912115,Z77929600,DTDC,,,,,
1912137,Z77929601,DTDC,,,,,
1912162,Z77932041,DTDC,,,,,
1912167,Z77929602,DTDC,,,,,
1912180,Z77929603,DTDC,,,,,
1912199,Z77929604,DTDC,,,,,
1912217,Z77929797,DTDC,,,,,
1912230,Z77929605,DTDC,,,,,
1912270,Z77929606,DTDC,,,,,
1912424,Z77932020,DTDC,,,,,
1912433,Z77929607,DTDC,,,,,
1912470,Z77929608,DTDC,,,,,
1912620,Z77929610,DTDC,,,,,
1912624,Z77929611,DTDC,,,,,
1912714,Z77929612,DTDC,,,,,
1912773,Z77931928,DTDC,,,,,
1912777,Z77929613,DTDC,,,,,
1912828,Z77929614,DTDC,,,,,
1912840,Z77929615,DTDC,,,,,
1912882,Z77929616,DTDC,,,,,
1912896,Z77929617,DTDC,,,,,
1912960,Z77929618,DTDC,,,,,
1913007,Z77929798,DTDC,,,,,
1913030,Z77931977,DTDC,,,,,
1913073,Z77929619,DTDC,,,,,
1913180,Z77929620,DTDC,,,,,
1913211,Z77931916,DTDC,,,,,
1913228,Z77929727,DTDC,,,,,
1913307,Z77929621,DTDC,,,,,
1913311,Z77932035,DTDC,,,,,
1913446,Z77931957,DTDC,,,,,
1913490,Z77929799,DTDC,,,,,
1913520,Z77929622,DTDC,,,,,
1913551,Z77929623,DTDC,,,,,
1913605,Z77932005,DTDC,,,,,
1913623,Z77929800,DTDC,,,,,
1913630,Z77929624,DTDC,,,,,
1913653,Z77929625,DTDC,,,,,
1913691,Z77929626,DTDC,,,,,
1913703,Z77929627,DTDC,,,,,
1913795,Z77929628,DTDC,,,,,
1913806,Z77929629,DTDC,,,,,
1913841,Z77931996,DTDC,,,,,
1913894,Z77929630,DTDC,,,,,
1913903,Z77929631,DTDC,,,,,
1913938,Z77929632,DTDC,,,,,
1913939,Z77931994,DTDC,,,,,
1914077,Z77929633,DTDC,,,,,
1914098,Z77931906,DTDC,,,,,
1914116,Z77929634,DTDC,,,,,
1914164,Z77929635,DTDC,,,,,
1914256,Z77929636,DTDC,,,,,
1914270,Z77932023,DTDC,,,,,
1914288,Z77929637,DTDC,,,,,
1914313,Z77932019,DTDC,,,,,
1914332,Z77932014,DTDC,,,,,
1914358,Z77931943,DTDC,,,,,
1914426,Z77929638,DTDC,,,,,
1914556,Z77929639,DTDC,,,,,
1914603,Z77931958,DTDC,,,,,
1914629,Z77929640,DTDC,,,,,
1914630,Z77929641,DTDC,,,,,
1914647,Z77929642,DTDC,,,,,
1914655,Z77931998,DTDC,,,,,
1914671,Z77929643,DTDC,,,,,
1914685,Z77929644,DTDC,,,,,
1914710,Z77932021,DTDC,,,,,
1914735,Z77931915,DTDC,,,,,
1914755,Z77932047,DTDC,,,,,
1914875,Z77929728,DTDC,,,,,
1914882,Z77932003,DTDC,,,,,
1914883,Z77929645,DTDC,,,,,
1914918,Z77929646,DTDC,,,,,
1914950,Z77929647,DTDC,,,,,
1915005,Z77931924,DTDC,,,,,
1915012,Z77929648,DTDC,,,,,
1915028,Z77929649,DTDC,,,,,
1915053,Z77929650,DTDC,,,,,
1915110,Z77929651,DTDC,,,,,
1915222,Z77929652,DTDC,,,,,
1915229,Z77929653,DTDC,,,,,
1915234,Z77929654,DTDC,,,,,
1915308,Z77931989,DTDC,,,,,
1915361,Z77929655,DTDC,,,,,
1915365,Z77931974,DTDC,,,,,
1915450,Z77932024,DTDC,,,,,
1915471,Z77929656,DTDC,,,,,
1915518,Z77929657,DTDC,,,,,
1915523,Z77929658,DTDC,,,,,
1915559,Z77929659,DTDC,,,,,
1915576,Z77929660,DTDC,,,,,
1915585,Z77929661,DTDC,,,,,
1915617,Z77929662,DTDC,,,,,
1915634,Z77931920,DTDC,,,,,
1915640,Z77931929,DTDC,,,,,
1915645,Z77929663,DTDC,,,,,
1915659,Z77929664,DTDC,,,,,
1915712,Z77929665,DTDC,,,,,
1915725,Z77929666,DTDC,,,,,
1915751,Z77929667,DTDC,,,,,
1915797,Z77929668,DTDC,,,,,
1915850,Z77929669,DTDC,,,,,
1915965,Z77929670,DTDC,,,,,
1915987,Z77931980,DTDC,,,,,
1915991,Z77929671,DTDC,,,,,
1916001,Z77929672,DTDC,,,,,
1916043,Z77929673,DTDC,,,,,
1916064,Z77931962,DTDC,,,,,
1916096,Z77929674,DTDC,,,,,
1916100,Z77929675,DTDC,,,,,
1916120,Z77931926,DTDC,,,,,
1916135,Z77929676,DTDC,,,,,
1916139,Z77929677,DTDC,,,,,
1916160,Z77929678,DTDC,,,,,
1916166,Z77929679,DTDC,,,,,
1916215,K59084970,DTDC,,,,,
1916325,Z77929680,DTDC,,,,,
1916388,Z77931950,DTDC,,,,,
1916441,Z77932049,DTDC,,,,,
1916468,Z77929681,DTDC,,,,,
1916472,Z77932028,DTDC,,,,,
1916475,Z77931917,DTDC,,,,,
1916538,Z77929682,DTDC,,,,,
1916622,Z77929683,DTDC,,,,,
1916627,K59084971,DTDC,,,,,
1916632,Z77929684,DTDC,,,,,
1916687,Z77932009,DTDC,,,,,
1916694,Z77929685,DTDC,,,,,
1916729,Z77929686,DTDC,,,,,
1916767,Z77929687,DTDC,,,,,
1916858,Z77929688,DTDC,,,,,
1916932,Z77929689,DTDC,,,,,
1916945,Z77931970,DTDC,,,,,
1916954,Z77929690,DTDC,,,,,
1917079,Z77931981,DTDC,,,,,
1917098,Z77929691,DTDC,,,,,
1917236,Z77929692,DTDC,,,,,
1917260,Z77931941,DTDC,,,,,
1917439,Z77929693,DTDC,,,,,
1917453,Z77929694,DTDC,,,,,
1917511,Z77929695,DTDC,,,,,
1917516,Z77929696,DTDC,,,,,
1917569,Z77929697,DTDC,,,,,
1917894,Z77931939,DTDC,,,,,
1917896,Z77929698,DTDC,,,,,
1917913,Z77929699,DTDC,,,,,
1918038,Z77929700,DTDC,,,,,
1918045,Z77929701,DTDC,,,,,
1918104,Z77929702,DTDC,,,,,
1918106,Z77931960,DTDC,,,,,
1918211,Z77929703,DTDC,,,,,
1918218,Z77929704,DTDC,,,,,
1918219,Z77929705,DTDC,,,,,
1918227,Z77931976,DTDC,,,,,
1918306,Z77929706,DTDC,,,,,
1918367,Z77929707,DTDC,,,,,
1918369,Z77929729,DTDC,,,,,
1918390,Z77929708,DTDC,,,,,
1918399,Z77929709,DTDC,,,,,
1918431,Z77931995,DTDC,,,,,
1918462,Z77931975,DTDC,,,,,
1918469,Z77931949,DTDC,,,,,
1918493,Z77932006,DTDC,,,,,
1918557,Z77929710,DTDC,,,,,
1918887,Z77929765,DTDC,,,,,
1918954,Z77929749,DTDC,,,,,
1919020,Z77929750,DTDC,,,,,
1919042,Z77929730,DTDC,,,,,
1919083,Z77929751,DTDC,,,,,
1919090,Z77929776,DTDC,,,,,
1919104,Z77929731,DTDC,,,,,
1919134,Z77929732,DTDC,,,,,
1919149,Z77929772,DTDC,,,,,
1919169,Z77929733,DTDC,,,,,
1919223,Z77929771,DTDC,,,,,
1919231,Z77929752,DTDC,,,,,
1919248,A24824465,DTDC,,,,,
1919320,Z77929753,DTDC,,,,,
1919322,Z77929777,DTDC,,,,,
1919377,Z77929717,DTDC,,,,,
1919389,Z77929723,DTDC,,,,,
1919416,Z77929778,DTDC,,,,,
1919419,Z77929734,DTDC,,,,,
1919438,Z77929754,DTDC,,,,,
1919469,Z77929773,DTDC,,,,,
1919496,Z77929718,DTDC,,,,,
1919505,Z77929779,DTDC,,,,,
1919537,Z77929735,DTDC,,,,,
1919621,Z77929736,DTDC,,,,,
1919676,Z77929780,DTDC,,,,,
1919723,Z77929737,DTDC,,,,,
1919770,Z77929768,DTDC,,,,,
1919777,Z77929755,DTDC,,,,,
1919780,Z77929738,DTDC,,,,,
1919782,Z77929785,DTDC,,,,,
1919794,Z77929747,DTDC,,,,,
1919803,Z77929756,DTDC,,,,,
1919810,Z77929719,DTDC,,,,,
1919819,Z77929757,DTDC,,,,,
1919824,Z77929758,DTDC,,,,,
1919853,Z77929759,DTDC,,,,,
1919854,Z77929760,DTDC,,,,,
1919861,Z77929769,DTDC,,,,,
1919918,Z77929739,DTDC,,,,,
1920015,Z77929740,DTDC,,,,,
1920024,Z77929781,DTDC,,,,,
1920054,Z77929741,DTDC,,,,,
1920159,Z77929742,DTDC,,,,,
1920170,Z77929782,DTDC,,,,,
1920243,Z77929761,DTDC,,,,,
1920261,Z77929720,DTDC,,,,,
1920263,Z77929743,DTDC,,,,,
1920264,Z77929766,DTDC,,,,,
1920378,Z77929744,DTDC,,,,,
1920440,Z77929762,DTDC,,,,,
1920448,Z77929721,DTDC,,,,,
1920455,Z77929767,DTDC,,,,,
1920463,Z77929745,DTDC,,,,,
1920560,Z77929802,DTDC,,,,,
1920563,Z77929770,DTDC,,,,,
1920607,K59084972,DTDC,,,,,
1920656,Z77929748,DTDC,,,,,
1920708,Z77929746,DTDC,,,,,
1920762,Z77929801,DTDC,,,,,
1920787,Z77929783,DTDC,,,,,
1920845,Z77929763,DTDC,,,,,
1920899,K59084973,DTDC,,,,,
1920900,Z77929764,DTDC,,,,,
1920930,Z77929784,DTDC,,,,,
1932788,K59084974,DTDC,,,,,
1932955,13694529575,DTDC,,,,,
1933307,X01238497,DTDC,,,,,
1933443,X01238497,DTDC,,,,,
1935725,Z78354566,DTDC,,,,,
1838722,z78766873,DTDC,,,,,
1840831,z78818020,DTDC,,,,,
1872491,Z77929112,DTDC,,,,,
1872851,Z77930052,DTDC,,,,,
1872958,Z77930053,DTDC,,,,,
1873517,X01594517,DTDC,,,,,
1873945,Z77930054,DTDC,,,,,
1875397,Z77930055,DTDC,,,,,
1884418,Z77930056,DTDC,,,,,
1884818,Z77930057,DTDC,,,,,
1886393,X01594515,DTDC,,,,,
1889172,D11115077,DTDC,,,,,
1889605,Z77930040,DTDC,,,,,
1890055,X01594507,DTDC,,,,,
1890172,Z77929774,DTDC,,,,,
1890871,Z77930058,DTDC,,,,,
1892563,Z77930044,DTDC,,,,,
1895519,X01594511,DTDC,,,,,
1895901,Z77930042,DTDC,,,,,
1910735,X01594518,DTDC,,,,,
1912546,Z77929609,DTDC,,,,,
1912900,Z77930045,DTDC,,,,,
1918750,Z77930046,DTDC,,,,,
1919219,X01594513,DTDC,,,,,
1920149,X01594505,DTDC,,,,,
1920330,X01594516,DTDC,,,,,
1920480,D11115076,DTDC,,,,,
1920610,X01594508,DTDC,,,,,
1920694,Z77930043,DTDC,,,,,
1920872,X01594504,DTDC,,,,,
1920934,X01594523,DTDC,,,,,
1920943,X01594522,DTDC,,,,,
1920951,X01594506,DTDC,,,,,
1921069,Z77930062,DTDC,,,,,
1921166,Z77930066,DTDC,,,,,
1921251,X01594520,DTDC,,,,,
1921577,Z77930068,DTDC,,,,,
1921707,Z77930063,DTDC,,,,,
1921977,Z77930069,DTDC,,,,,
1923245,Z77930060,DTDC,,,,,
1926462,Z77930070,DTDC,,,,,
1927129,Z77930071,DTDC,,,,,
1927604,X01594519,DTDC,,,,,
1928431,Z77930072,DTDC,,,,,
1929247,Z77930073,DTDC,,,,,
1929248,C43770806,DTDC,,,,,
1929708,Z77930074,DTDC,,,,,
1931093,Z77930075,DTDC,,,,,
1931101,Z77930076,DTDC,,,,,
1931413,Z77930077,DTDC,,,,,
1932692,Z77930047,DTDC,,,,,
1933616,X01594510,DTDC,,,,,
1934478,X01594509,DTDC,,,,,
1934488,Z77930067,DTDC,,,,,
1934489,Z77930059,DTDC,,,,,
1934502,Z77930048,DTDC,,,,,
1934634,Z77930064,DTDC,,,,,
1934679,X01594521,DTDC,,,,,
1934853,Z77932055,DTDC,,,,,
1934855,Z77932056,DTDC,,,,,
1934862,Z77932053,DTDC,,,,,
1934920,Z77930061,DTDC,,,,,
1934940,Z77932059,DTDC,,,,,
1934943,Z77930049,DTDC,,,,,
1934977,Z77930050,DTDC,,,,,
1934981,Z77930041,DTDC,,,,,
1935312,Z77930051,DTDC,,,,,
1935364,Z77930065,DTDC,,,,,
1935712,c44155171,DTDC,,,,,
1936991,P21200674,DTDC,,,,,
1936996,P21200673,DTDC,,,,,
1937766,A24568763,DTDC,,,,,
1886352,Z77930105,DTDC,,,,,
1889858,Z77930097,DTDC,,,,,
1890486,Z77930107,DTDC,,,,,
1890503,Z77930108,DTDC,,,,,
1891328,Z77930109,DTDC,,,,,
1892107,Z77930110,DTDC,,,,,
1897281,Z77930078,DTDC,,,,,
1907088,Z77930079,DTDC,,,,,
1907100,Z77930080,DTDC,,,,,
1913146,Z77930086,DTDC,,,,,
1916262,Z77930081,DTDC,,,,,
1920019,z78817860,DTDC,,,,,
1921000,Z77930094,DTDC,,,,,
1921133,Z77930102,DTDC,,,,,
1921168,Z77930082,DTDC,,,,,
1921208,Z77930095,DTDC,,,,,
1921373,Z77929810,DTDC,,,,,
1921388,Z77932117,DTDC,,,,,
1921581,Z77932163,DTDC,,,,,
1921599,Z77932118,DTDC,,,,,
1921640,Z77929811,DTDC,,,,,
1921711,Z77932167,DTDC,,,,,
1921714,Z77929812,DTDC,,,,,
1921753,Z77929813,DTDC,,,,,
1921832,Z77929814,DTDC,,,,,
1921935,Z77929815,DTDC,,,,,
1921940,Z77932165,DTDC,,,,,
1921941,Z77932171,DTDC,,,,,
1922076,Z77929816,DTDC,,,,,
1922147,Z77932112,DTDC,,,,,
1922154,Z77929817,DTDC,,,,,
1922187,Z77929818,DTDC,,,,,
1922245,Z77932166,DTDC,,,,,
1922318,Z77932114,DTDC,,,,,
1922327,Z77929819,DTDC,,,,,
1922338,Z77932159,DTDC,,,,,
1922363,Z77929820,DTDC,,,,,
1922366,Z77929821,DTDC,,,,,
1922478,Z77929822,DTDC,,,,,
1922484,Z77932157,DTDC,,,,,
1922501,Z77929823,DTDC,,,,,
1922503,Z77932108,DTDC,,,,,
1922555,Z77932063,DTDC,,,,,
1922575,Z77929824,DTDC,,,,,
1922606,Z77932132,DTDC,,,,,
1922613,Z77929825,DTDC,,,,,
1922805,Z77929826,DTDC,,,,,
1922814,Z77929827,DTDC,,,,,
1922832,Z77929828,DTDC,,,,,
1922924,Z77929829,DTDC,,,,,
1922992,Z77929830,DTDC,,,,,
1922997,Z77929831,DTDC,,,,,
1923146,Z77929832,DTDC,,,,,
1923180,Z77932103,DTDC,,,,,
1923185,Z77932102,DTDC,,,,,
1923204,Z77929833,DTDC,,,,,
1923333,Z77929834,DTDC,,,,,
1923381,Z77932142,DTDC,,,,,
1923394,Z77929835,DTDC,,,,,
1923477,Z77932161,DTDC,,,,,
1923514,Z77932104,DTDC,,,,,
1923558,Z77932153,DTDC,,,,,
1923566,Z77929836,DTDC,,,,,
1923581,Z77932094,DTDC,,,,,
1923624,Z77929837,DTDC,,,,,
1923658,Z77929838,DTDC,,,,,
1923766,Z77929839,DTDC,,,,,
1923802,Z77932170,DTDC,,,,,
1923942,Z77932086,DTDC,,,,,
1923946,Z77929840,DTDC,,,,,
1924027,Z77932131,DTDC,,,,,
1924059,Z77932092,DTDC,,,,,
1924090,Z77932158,DTDC,,,,,
1924158,Z77929841,DTDC,,,,,
1924159,Z77929842,DTDC,,,,,
1924265,Z77932129,DTDC,,,,,
1924312,Z77929843,DTDC,,,,,
1924313,Z77929844,DTDC,,,,,
1924340,Z77929845,DTDC,,,,,
1924377,Z77932130,DTDC,,,,,
1924532,Z77929846,DTDC,,,,,
1924559,Z77929847,DTDC,,,,,
1924776,Z77929848,DTDC,,,,,
1924906,Z77932135,DTDC,,,,,
1924990,Z77929849,DTDC,,,,,
1925049,Z77929850,DTDC,,,,,
1925075,Z77932140,DTDC,,,,,
1925261,Z77932169,DTDC,,,,,
1925272,Z77929851,DTDC,,,,,
1925287,Z77932126,DTDC,,,,,
1925309,Z77929852,DTDC,,,,,
1925377,Z77929853,DTDC,,,,,
1925427,Z77929854,DTDC,,,,,
1925546,Z77929855,DTDC,,,,,
1925635,Z77932162,DTDC,,,,,
1925639,Z77929856,DTDC,,,,,
1925670,Z77932116,DTDC,,,,,
1925742,Z77932073,DTDC,,,,,
1925788,Z77929857,DTDC,,,,,
1925858,Z77932091,DTDC,,,,,
1925869,Z77929858,DTDC,,,,,
1925974,Z77929859,DTDC,,,,,
1926062,Z77929860,DTDC,,,,,
1926076,Z77929861,DTDC,,,,,
1926132,Z77932154,DTDC,,,,,
1926172,Z77930113,DTDC,,,,,
1926189,Z77932062,DTDC,,,,,
1926282,Z77932065,DTDC,,,,,
1926287,Z77929862,DTDC,,,,,
1926293,Z77929863,DTDC,,,,,
1926294,Z77932145,DTDC,,,,,
1926316,Z77929864,DTDC,,,,,
1926412,Z77929865,DTDC,,,,,
1926491,Z77929866,DTDC,,,,,
1926520,Z77929867,DTDC,,,,,
1926601,Z77930114,DTDC,,,,,
1926642,Z77932066,DTDC,,,,,
1926692,Z77932121,DTDC,,,,,
1926747,Z77929868,DTDC,,,,,
1926826,Z77929869,DTDC,,,,,
1926946,Z77932088,DTDC,,,,,
1926986,Z77932077,DTDC,,,,,
1927091,Z77929870,DTDC,,,,,
1927158,Z77932084,DTDC,,,,,
1927386,Z77932156,DTDC,,,,,
1927413,Z77930096,DTDC,,,,,
1927458,Z77932144,DTDC,,,,,
1927470,Z77929871,DTDC,,,,,
1927477,Z77929872,DTDC,,,,,
1927534,Z77932072,DTDC,,,,,
1927535,Z77929873,DTDC,,,,,
1927662,Z77929874,DTDC,,,,,
1927689,Z77929875,DTDC,,,,,
1927694,Z77929876,DTDC,,,,,
1927716,Z77929877,DTDC,,,,,
1927822,Z77929878,DTDC,,,,,
1927947,Z77929879,DTDC,,,,,
1928015,Z77932081,DTDC,,,,,
1928051,Z77932083,DTDC,,,,,
1928064,Z77929880,DTDC,,,,,
1928171,Z77929881,DTDC,,,,,
1928196,Z77929882,DTDC,,,,,
1928250,Z77929883,DTDC,,,,,
1928256,Z77932119,DTDC,,,,,
1928287,Z77932111,DTDC,,,,,
1928311,Z77929884,DTDC,,,,,
1928392,Z77932068,DTDC,,,,,
1928425,Z77932080,DTDC,,,,,
1928492,Z77932148,DTDC,,,,,
1928526,Z77929885,DTDC,,,,,
1928535,Z77932089,DTDC,,,,,
1928559,Z77929886,DTDC,,,,,
1928608,Z77929887,DTDC,,,,,
1928621,Z77929888,DTDC,,,,,
1928868,Z77929889,DTDC,,,,,
1928923,Z77932109,DTDC,,,,,
1928926,Z77929890,DTDC,,,,,
1928955,Z77929891,DTDC,,,,,
1929080,Z77929892,DTDC,,,,,
1929108,Z77929893,DTDC,,,,,
1929204,Z77932106,DTDC,,,,,
1929235,Z77932107,DTDC,,,,,
1929297,Z77932113,DTDC,,,,,
1929316,Z77929894,DTDC,,,,,
1929388,Z77929895,DTDC,,,,,
1929449,Z77932115,DTDC,,,,,
1929456,Z77932149,DTDC,,,,,
1929502,Z77929896,DTDC,,,,,
1929530,Z77929897,DTDC,,,,,
1929548,Z77929898,DTDC,,,,,
1929568,Z77930115,DTDC,,,,,
1929631,Z77932100,DTDC,,,,,
1929648,Z77929899,DTDC,,,,,
1929657,Z77930116,DTDC,,,,,
1929698,Z77929900,DTDC,,,,,
1929758,Z77929901,DTDC,,,,,
1929787,Z77932125,DTDC,,,,,
1929789,Z77932133,DTDC,,,,,
1929818,Z77932150,DTDC,,,,,
1929831,Z77929902,DTDC,,,,,
1929839,Z77929903,DTDC,,,,,
1929849,Z77929904,DTDC,,,,,
1929890,Z77929905,DTDC,,,,,
1929899,Z77929906,DTDC,,,,,
1929928,Z77929907,DTDC,,,,,
1929934,Z77929908,DTDC,,,,,
1929950,Z77932070,DTDC,,,,,
1930028,Z77932110,DTDC,,,,,
1930044,Z77929909,DTDC,,,,,
1930066,Z77929910,DTDC,,,,,
1930090,Z77929911,DTDC,,,,,
1930105,Z77929912,DTDC,,,,,
1930128,Z77929913,DTDC,,,,,
1930178,Z77929914,DTDC,,,,,
1930181,Z77929915,DTDC,,,,,
1930223,Z77929916,DTDC,,,,,
1930242,Z77929917,DTDC,,,,,
1930251,Z77932141,DTDC,,,,,
1930254,Z77929918,DTDC,,,,,
1930261,Z77932146,DTDC,,,,,
1930267,Z77929919,DTDC,,,,,
1930273,Z77932105,DTDC,,,,,
1930315,Z77929920,DTDC,,,,,
1930316,Z77929921,DTDC,,,,,
1930321,Z77932093,DTDC,,,,,
1930325,Z77929922,DTDC,,,,,
1930376,Z77932095,DTDC,,,,,
1930379,Z77932143,DTDC,,,,,
1930389,Z77929923,DTDC,,,,,
1930407,Z77929924,DTDC,,,,,
1930422,Z77929925,DTDC,,,,,
1930457,Z77932136,DTDC,,,,,
1930471,Z77929926,DTDC,,,,,
1930481,Z77929927,DTDC,,,,,
1930486,Z77929928,DTDC,,,,,
1930493,Z77929929,DTDC,,,,,
1930508,Z77929930,DTDC,,,,,
1930533,Z77929931,DTDC,,,,,
1930535,Z77929932,DTDC,,,,,
1930546,Z77929933,DTDC,,,,,
1930547,Z77932123,DTDC,,,,,
1930552,Z77929934,DTDC,,,,,
1930582,Z77929935,DTDC,,,,,
1930601,Z77929936,DTDC,,,,,
1930634,Z77929937,DTDC,,,,,
1930661,Z77929938,DTDC,,,,,
1930690,Z77929939,DTDC,,,,,
1930715,Z77929940,DTDC,,,,,
1930740,Z77929941,DTDC,,,,,
1930742,Z77929942,DTDC,,,,,
1930760,Z77932067,DTDC,,,,,
1930787,Z77929943,DTDC,,,,,
1930796,Z77930117,DTDC,,,,,
1930803,Z77929944,DTDC,,,,,
1930815,Z77929945,DTDC,,,,,
1930840,Z77929946,DTDC,,,,,
1930850,Z77929947,DTDC,,,,,
1930853,Z77929948,DTDC,,,,,
1930880,Z77932079,DTDC,,,,,
1930891,Z77929949,DTDC,,,,,
1930898,Z77930118,DTDC,,,,,
1930914,Z77929950,DTDC,,,,,
1930916,Z77929951,DTDC,,,,,
1930921,Z77929952,DTDC,,,,,
1930925,Z77929953,DTDC,,,,,
1930962,Z77929954,DTDC,,,,,
1930967,Z77932122,DTDC,,,,,
1930974,Z77932078,DTDC,,,,,
1930983,Z77929955,DTDC,,,,,
1930995,Z77929956,DTDC,,,,,
1931020,Z77929957,DTDC,,,,,
1931022,Z77929958,DTDC,,,,,
1931030,Z77932099,DTDC,,,,,
1931036,Z77932101,DTDC,,,,,
1931054,Z77929959,DTDC,,,,,
1931091,Z77929960,DTDC,,,,,
1931102,B88532855,DTDC,,,,,
1931114,Z77929961,DTDC,,,,,
1931145,Z77932128,DTDC,,,,,
1931147,Z77930119,DTDC,,,,,
1931209,Z77929962,DTDC,,,,,
1931214,Z77929963,DTDC,,,,,
1931224,Z77929964,DTDC,,,,,
1931228,Z77929965,DTDC,,,,,
1931259,Z77929966,DTDC,,,,,
1931266,Z77929967,DTDC,,,,,
1931269,Z77929968,DTDC,,,,,
1931287,Z77929969,DTDC,,,,,
1931292,Z77929970,DTDC,,,,,
1931355,Z77929971,DTDC,,,,,
1931359,Z77929972,DTDC,,,,,
1931372,Z77929973,DTDC,,,,,
1931426,Z77929974,DTDC,,,,,
1931433,Z77932071,DTDC,,,,,
1931449,Z77932134,DTDC,,,,,
1931460,Z77932151,DTDC,,,,,
1931536,Z77932061,DTDC,,,,,
1931540,Z77929975,DTDC,,,,,
1931542,Z77932075,DTDC,,,,,
1931587,Z77929976,DTDC,,,,,
1931622,Z77932098,DTDC,,,,,
1931655,Z77929977,DTDC,,,,,
1931696,Z77929978,DTDC,,,,,
1931739,Z77932164,DTDC,,,,,
1931743,Z77929979,DTDC,,,,,
1931747,Z77929980,DTDC,,,,,
1931843,Z77929981,DTDC,,,,,
1931865,Z77929982,DTDC,,,,,
1931907,Z77929983,DTDC,,,,,
1931936,Z77932076,DTDC,,,,,
1931939,Z77929984,DTDC,,,,,
1932003,Z77932085,DTDC,,,,,
1932008,Z77929985,DTDC,,,,,
1932018,Z77929986,DTDC,,,,,
1932069,Z77929987,DTDC,,,,,
1932093,Z77929988,DTDC,,,,,
1932111,Z77930120,DTDC,,,,,
1932134,Z77929989,DTDC,,,,,
1932172,Z77929990,DTDC,,,,,
1932213,Z77929991,DTDC,,,,,
1932222,Z77929992,DTDC,,,,,
1932252,Z77929993,DTDC,,,,,
1932272,Z77932147,DTDC,,,,,
1932273,Z77929994,DTDC,,,,,
1932329,Z77929995,DTDC,,,,,
1932344,Z77932138,DTDC,,,,,
1932350,Z77932069,DTDC,,,,,
1932417,Z77929996,DTDC,,,,,
1932439,Z77932120,DTDC,,,,,
1932452,Z77929997,DTDC,,,,,
1932458,Z77930121,DTDC,,,,,
1932503,Z77929998,DTDC,,,,,
1932525,Z77929999,DTDC,,,,,
1932550,Z77930000,DTDC,,,,,
1932559,Z77930001,DTDC,,,,,
1932591,Z77932082,DTDC,,,,,
1932605,Z77932096,DTDC,,,,,
1932617,Z77930002,DTDC,,,,,
1932622,Z77932090,DTDC,,,,,
1932648,Z77930003,DTDC,,,,,
1932713,Z77930004,DTDC,,,,,
1932730,Z77932137,DTDC,,,,,
1932737,Z77932064,DTDC,,,,,
1932823,Z77930005,DTDC,,,,,
1932827,Z77932074,DTDC,,,,,
1932833,Z77930006,DTDC,,,,,
1932867,Z77930007,DTDC,,,,,
1932944,Z77930008,DTDC,,,,,
1932947,Z77930101,DTDC,,,,,
1932973,Z77932124,DTDC,,,,,
1933041,Z77930009,DTDC,,,,,
1933100,Z77930010,DTDC,,,,,
1933107,Z77930011,DTDC,,,,,
1933191,Z77930012,DTDC,,,,,
1933208,Z77930013,DTDC,,,,,
1933217,Z77930014,DTDC,,,,,
1933270,Z77930015,DTDC,,,,,
1933271,Z77932127,DTDC,,,,,
1933283,Z77932160,DTDC,,,,,
1933305,Z77932097,DTDC,,,,,
1933324,Z77930016,DTDC,,,,,
1933350,Z77932060,DTDC,,,,,
1933405,Z77932155,DTDC,,,,,
1933483,Z77932087,DTDC,,,,,
1933515,Z77930017,DTDC,,,,,
1933528,Z77930018,DTDC,,,,,
1933542,Z77930019,DTDC,,,,,
1933575,Z77930020,DTDC,,,,,
1933654,Z77930021,DTDC,,,,,
1933661,Z77932168,DTDC,,,,,
1933673,Z77930022,DTDC,,,,,
1933704,Z77930023,DTDC,,,,,
1933797,Z77930024,DTDC,,,,,
1933807,Z77930025,DTDC,,,,,
1933822,Z77930026,DTDC,,,,,
1933854,Z77930027,DTDC,,,,,
1933870,Z77930028,DTDC,,,,,
1933925,Z77930029,DTDC,,,,,
1934002,Z77932152,DTDC,,,,,
1934068,Z77930030,DTDC,,,,,
1934073,Z77930031,DTDC,,,,,
1934136,Z77930032,DTDC,,,,,
1934159,Z77930033,DTDC,,,,,
1934204,Z77930034,DTDC,,,,,
1934226,Z77932139,DTDC,,,,,
1934241,Z77930035,DTDC,,,,,
1934281,Z77930036,DTDC,,,,,
1934310,Z77930037,DTDC,,,,,
1934342,Z77930038,DTDC,,,,,
1934590,D11115072,DTDC,,,,,
1934757,Z77930104,DTDC,,,,,
1934856,Z77932498,DTDC,,,,,
1934961,Z77930111,DTDC,,,,,
1935254,Z77930112,DTDC,,,,,
1935409,Z77932499,DTDC,,,,,
1935512,Z77930089,DTDC,,,,,
1935641,Z77930099,DTDC,,,,,
1935832,Z77930088,DTDC,,,,,
1935973,Z77930098,DTDC,,,,,
1936688,Z77930091,DTDC,,,,,
1936702,Z77930092,DTDC,,,,,
1936853,Z77930087,DTDC,,,,,
1936929,Z77930103,DTDC,,,,,
1936930,Z77930083,DTDC,,,,,
1936978,Z77930084,DTDC,,,,,
1937274,Z77930093,DTDC,,,,,
1937530,Z77930085,DTDC,,,,,
1937601,B88220620,DTDC,,,,,
1937677,Z77930100,DTDC,,,,,
1940883,a24568774,DTDC,,,,,
1941199,Z77930090,DTDC,,,,,
1937679,Z76317532,DTDC,,,,,
1892053,Z77930126,DTDC,,,,,
1894163,X01589518,DTDC,,,,,
1901477,z76317544,DTDC,,,,,
1903176,Z77930128,DTDC,,,,,
1918989,z78817893,DTDC,,,,,
1919394,Z76086480,DTDC,,,,,
1919825,Z77930124,DTDC,,,,,
1919926,Z78498226,DTDC,,,,,
1920034,Z78498222,DTDC,,,,,
1921015,Z77930155,DTDC,,,,,
1921087,Z77930153,DTDC,,,,,
1921124,Z77930134,DTDC,,,,,
1921165,Z77930122,DTDC,,,,,
1932813,Z77930135,DTDC,,,,,
1934447,Z76086481,DTDC,,,,,
1934579,z76317545,DTDC,,,,,
1934621,Z77930146,DTDC,,,,,
1934669,Z77930136,DTDC,,,,,
1935079,Z77930154,DTDC,,,,,
1935309,Z77930145,DTDC,,,,,
1935422,Z77930137,DTDC,,,,,
1935429,Z77930147,DTDC,,,,,
1935498,Z76086482,DTDC,,,,,
1935619,Z77930150,DTDC,,,,,
1935901,X01589516,DTDC,,,,,
1936487,Z77930138,DTDC,,,,,
1937125,Z78498240,DTDC,,,,,
1937242,c42369545,DTDC,,,,,
1937324,X01589519,DTDC,,,,,
1937349,Z77930144,DTDC,,,,,
1937510,B88246396,DTDC,,,,,
1937547,Z77930139,DTDC,,,,,
1937606,Z77930125,DTDC,,,,,
1937627,Z77930140,DTDC,,,,,
1937770,Z77930141,DTDC,,,,,
1938102,Z77930130,DTDC,,,,,
1939206,X01589481,DTDC,,,,,
1940168,Z77930156,DTDC,,,,,
1940334,Z77930148,DTDC,,,,,
1940404,Z77930142,DTDC,,,,,
1940416,Z77930123,DTDC,,,,,
1940476,Z77930131,DTDC,,,,,
1940668,Z77930132,DTDC,,,,,
1941040,Z77930151,DTDC,,,,,
1941045,Z77932493,DTDC,,,,,
1941241,Z77930152,DTDC,,,,,
1941376,Z77930133,DTDC,,,,,
1941505,Z77930143,DTDC,,,,,
1941824,X01589517,DTDC,,,,,
1941939,Z77930149,DTDC,,,,,
1941966,X01589520,DTDC,,,,,
1944044,A24568785,DTDC,,,,,
1944306,Z78574754,DTDC,,,,,
1945366,Z77930179,DTDC,,,,,
1945369,Z77930180,DTDC,,,,,
1945375,Z77930181,DTDC,,,,,
1945383,Z77930182,DTDC,,,,,
1945386,Z77930183,DTDC,,,,,
1945388,Z77930184,DTDC,,,,,
1945389,Z77930185,DTDC,,,,,
1945390,Z77930186,DTDC,,,,,
1945395,Z77930187,DTDC,,,,,
1945405,Z77930188,DTDC,,,,,
1945406,Z77930189,DTDC,,,,,
1945415,Z77930190,DTDC,,,,,
1945419,Z77930191,DTDC,,,,,
1945421,Z77930192,DTDC,,,,,
1945423,Z77930193,DTDC,,,,,
1945426,Z77930194,DTDC,,,,,
1945430,Z77930195,DTDC,,,,,
1945431,Z77930196,DTDC,,,,,
1945434,Z77930197,DTDC,,,,,
1945439,Z77930198,DTDC,,,,,
1945443,Z77930199,DTDC,,,,,
1945445,Z77930200,DTDC,,,,,
1945451,Z77930201,DTDC,,,,,
1945457,Z77930202,DTDC,,,,,
1945458,Z77930203,DTDC,,,,,
1945461,Z77930204,DTDC,,,,,
1945466,Z77930205,DTDC,,,,,
1945468,Z77930206,DTDC,,,,,
1945473,Z77930207,DTDC,,,,,
1945474,Z77930208,DTDC,,,,,
1947456,Z77930157,DTDC,,,,,
1947591,Z77930158,DTDC,,,,,
1947727,Z77932494,DTDC,,,,,
1947736,Z77930159,DTDC,,,,,
1947860,Z77930160,DTDC,,,,,
1947971,Z77930161,DTDC,,,,,
1947977,Z77930162,DTDC,,,,,
1948023,Z77932492,DTDC,,,,,
1948056,Z77930163,DTDC,,,,,
1948092,Z77930164,DTDC,,,,,
1948453,Z77930165,DTDC,,,,,
1948849,Z77930166,DTDC,,,,,
1949335,Z77932497,DTDC,,,,,
1949446,Z77930167,DTDC,,,,,
1949525,Z77932495,DTDC,,,,,
1949627,Z77930168,DTDC,,,,,
1949789,Z77930169,DTDC,,,,,
1949824,A24568784,DTDC,,,,,
1949870,Z77930170,DTDC,,,,,
1950157,Z77930171,DTDC,,,,,
1950249,Z77932496,DTDC,,,,,
1950678,Z77930172,DTDC,,,,,
1950839,Z77930173,DTDC,,,,,
1950841,Z77930174,DTDC,,,,,
1942596,30239895361,DTDC,,,,,
1942601,30239895464,DTDC,,,,,
1944202,X01238498,DTDC,,,,,
1944465,X01238499,DTDC,,,,,
